feature,type,mutual_info,positive_rate_high
district_24h_count,numeric,0.030223368185342103,0.1450381679389313
district_historical_rate,numeric,0.030223368185342103,0.1450381679389313
hour,numeric,0.02979619954724555,0.13450292397660818
cell_last_seen_hours_ago,numeric,0.027358128989052544,0.11996904024767802
district_active_cells,numeric,0.0203647503123221,0.13379737045630316
neighbor_24h_count,numeric,0.010898427559722812,0.1420875420875421
day_of_week,numeric,0.008771606982071134,0.12461300309597523
avg_report_count,numeric,0.00789307783310611,0.11010362694300518
cell_historical_freq,numeric,0.003346150805442205,0.11010362694300518
cell_7d_count,numeric,0.003346150805442205,0.11010362694300518
cell_24h_count,numeric,0.003346150805442205,0.11010362694300518
upvote_ratio,numeric,0.0010271187556836203,0.12427184466019417
